Styling Goal,Product Type,Description,How to Use,Budget,Recommended Product & Link
Hold/Set Style,"Hairspray, Spray Gel, Sculpting ",Sets hairstyles and provides long-lasting hold with minimal residue.,Spray 10–12 inches from hair after styling to lock in hold.,Under $25,"[COLOR WOW Dream Coat Supernatural Spray, MONDAY HAIRCARE Smooth Shampoo + Conditioner Bathroom Set](https://amzn.to/3XKWdu5)"
Hold/Set Style,"Hairspray, Spray Gel, Sculpting ",Sets hairstyles and provides long-lasting hold with minimal residue.,Spray 10–12 inches from hair after styling to lock in hold.,$25 & Up,"[Amika the shield anti-humidity spray, Amika velveteen dream smoothing shampoo, Nexxus Ultralight Weightless Shampoo & Conditioner, Moroccanoil Intense Smoothing Serum, ](https://amzn.to/3FlEBid)"
Moisture Repair,Leave-In Conditioner,"Moisturizes, detangles, and protects hair throughout the day.",Apply to damp hair and comb through evenly before styling.,$75 & up,[Ionic Bonding Spray 3.4 oz & Anti-Frizz Shampoo and Cond](https://amzn.to/4iHbcgy)
Refresh & Oil Control,Dry Shampoo,"Absorbs excess oil, refreshes hair between washes, and adds light volume without water","Shake well and spray onto roots from 6–8 inches away. Let sit for a minute, then massage or brush through to distribute",Under $25,"[Neutrogena T/Sal Therapeutic, Nizoral Anti-Dandruff Shampoo, Biolage Scalp Sync Anti-Dandruff Shampoo, Amazon Basics 2-in-1 Dandruff Shampoo,Amazon Basics Tea Tree Shampoo ](https://amzn.to/3XKWdu5)"
Grooming,Pomade/Beard Care,"Pomades offer hold and shine for sleek styles, edges, or waves. Beard care products help condition, soften, and shape facial hair for a polished look","Hair:
Work a small amount of pomade into your hands and apply evenly to damp or dry hair. Style as desired for sleek, defined looks.
Beard:
Apply beard balm or oil after cleansing to hydrate and shape. Comb through for even distribution and a groomed finish.",$25 & Up,"[OUAI Detox Shampoo (10 fl oz) & Anti-Dandruff Deluxe, Nioxin Scalp Recovery, Redken Scalp Relief Dandruff](https://amzn.to/3FlEBid)"
Wet Look,Gel,Provides strong hold for defined styles with a wet or sleek look.,Apply to damp or dry hair and style with fingers or comb.,$75 & up,[Act+Acre Cold Processed Vitamin E Scalp Detox Oil and BHA Salicylic Acid Scalp Exfoliator](https://amzn.to/4iHbcgy)
Wet Look,Gel,Provides strong hold for defined styles with a wet or sleek look.,Apply to damp or dry hair and style with fingers or comb.,Under $25,"[ NMOFAXIN Anti Hair Loss Shampoo, Mielle Organics Rosemary Mint Scalp, Marc Anthony Grow Long Set, Rosemary and Biotin Shampoo, iRestore Anti Hair Loss ](https://amzn.to/3XKWdu5)"
Sleek/Smooth,"Serum, Spray, Creams","Smooths hair, adds shine, and reduces frizz.","Apply a small amount to damp or dry hair, focusing on ends.",$25 & Up,"[ BosleyMD Foam, Nioxin Hair Fall Defense Shampoo, Nioxin Density Defend, BosDefense for Light Thinning Hair Kit, hims Thick Fix Hair ]"
Sleek/Smooth,"Serum, Spray, Creams","Smooths hair, adds shine, and reduces frizz.","Apply a small amount to damp or dry hair, focusing on ends.",$75 & up,"[Shapiro MD Hair Growth Experts Hair Loss Shampoo, Nioxin Hair Fall Defense Shampoo, Nioxin Progressed Thinning ](https://amzn.to/4iHbcgy)"
Volume,"Mousse, Volume Spray",Adds volume and body to fine hair.,"Apply to damp hair at roots, blow dry upward.",Under $25,"[Amazon Basics Tea Tree Shampoo, Pravana Purify, Tea Tree Special Shampoo](https://amzn.to/3XKWdu5)"
Volume,"Mousse, Volume Spray",Adds volume and body to fine hair.,"Apply to damp hair at roots, blow dry upward.",$25 & Up,"[ Brocato Peppermint Scrub, OUAI Detox, Nutrafol Exfoliating Scalp Mask Eliminates Product Build-up and Oil, Briogeo Scalp Revival, L'ANZA Healing Remedy Scalp ]"
Texture,Texturizing Spray,"Adds texture and volume for a tousled, beachy look.",Spray onto dry hair and scrunch with hands.,$75 & up,[Oribe Serene Scalp Oil Control](https://amzn.to/4iHbcgy)
Texture,Texturizing Spray,"Adds texture and volume for a tousled, beachy look.",Spray onto dry hair and scrunch with hands.,Under $25,"[TIGI Bed Head Ego Boost Split End Mender Leave in,PM Super Strong Liquid Treatment, PM Bond Rx Treatment](https://amzn.to/3XKWdu5)"
Curls/Waves,"Define Curls, Control Frizz, Moisture, Bounce, Shine","Designed to enhance and define natural curls while reducing frizz and dryness. These products nourish curls, improve elasticity, and provide long-lasting shape and shine","Apply curl cream or gel to damp hair, scrunch curls upward, and air dry or diffuse for best results. Refresh curls daily with a curl mist or leave-in conditioner to maintain shape and hydration",$25 & Up,[Redken Extreme Anti-Snap Anti-Breakage Leave-In](https://amzn.to/3FlEBid)
Curls/Waves,"Define Curls, Control Frizz, Moisture, Bounce, Shine","Designed to enhance and define natural curls while reducing frizz and dryness. These products nourish curls, improve elasticity, and provide long-lasting shape and shine","Apply curl cream or gel to damp hair, scrunch curls upward, and air dry or diffuse for best results. Refresh curls daily with a curl mist or leave-in conditioner to maintain shape and hydration",$75 & up,"[Kenra Triple Repair Shampoo & Conditioner Set, ORIBE Mirror Rinse Glass Hair Treatment](https://amzn.to/4iHbcgy)"
Damage Protection,Heat Protectant Spray,Protects hair from damage caused by heat styling tools.,Spray onto damp hair before using heat tools.,Under $25,"[Suavecita Argan Silkening Serum, Bed Head Shampoo and Conditioner For Dry Hair, ORIBE Gold Lust Repair & Restore, Pravana Intense Therapy Masque](https://amzn.to/3XKWdu5)"
Damage Protection,Heat Protectant Spray,Protects hair from damage caused by heat styling tools.,Spray onto damp hair before using heat tools.,$25 & Up,"[Olaplex No. 6 Bond Smoother, Leave-In,Redken All Soft Shampoo and Conditioner Set For Dry, Olaplex No. 5 ](https://amzn.to/3FlEBid)"
Kid Friendly,"Detangler Spray, Pomade",Gently detangles without harshness.,"Spray on damp hair, comb through.",$75 & up,"[Pureology Hydrate Moisturizing Shampoo and Cond, ORIBE Supershine](https://amzn.to/4iHbcgy)"
Tools,"Flat Irons, Blow Dryers, Curling Irons & Brushes","Essential tools like flat irons, curling wands, blow dryers, and edge brushes to help you achieve your desired style with precision","Choose the right tool for your style goal — use a flat iron for sleek looks, a curling wand for waves, or a blow dryer for volume. Always apply heat protectant before use.""
Suggested Heat Settings: Thin/Fine Hair: 250°F–300°F, Medium Hair: 300°F–375°F, Coarse/Thick Hair: 375°F–450°F",Under $25,"[CHI 44 Iron Guard Thermal Protection Spray, Dove Intense Repair Shampoo & Conditioner Set, Joico Heat Hero Glossing Thermal](https://amzn.to/3XKWdu5)"
